price,area,address,MÃ£ tin,HÆ°á»›ng,PhÃ²ng Äƒn,Loáº¡i tin,ÄÆ°á»ng trÆ°á»›c nhÃ ,NhÃ  báº¿p,Loáº¡i BDS,PhÃ¡p lÃ½,SÃ¢n thÆ°á»£ng,Chiá»u ngang,Sá»‘ láº§u,Chá»• Ä‘á»ƒ xe hÆ¡i,Chiá»u dÃ i,Sá»‘ phÃ²ng ngá»§,ChÃ­nh chá»§,description
 80 tá»· , 533 m, ÄÆ°á»ng Láº¡c Long QuÃ¢n. PhÆ°á»ng XuÃ¢n La. Quáº­n TÃ¢y Há»“. HÃ  Ná»™i,12374565,_,,Cáº§n bÃ¡n,32m,,NhÃ  máº·t tiá»n,Sá»• há»“ng/ Sá»• Ä‘á»,,25m,5,,---,5,---,"SiÃªu pháº©m nhÃ  sÃ¢n vÆ°á»n - Ä‘áº¥t thá»• cÆ° xÃ¢y cao - view trá»n Há»“ TÃ¢y - vá»‹ trÃ­ vip trung tÃ¢m Há»“ TÃ¢y.

Máº¶T PHá» Láº C LONG QUÃ‚N
- Diá»‡n tÃ­ch 533mÂ².
- Máº·t tiá»n 15m.
- NhÃ  5 táº§ng sÃ¢n vÆ°á»n Ä‘áº¹p á»Ÿ luÃ´n.
- Vá»‹ trÃ­ tuyá»‡t vá»i xÃ¢y khÃ¡ch sáº¡n & toÃ  vÄƒn phÃ²ng, cafe nhÃ  hÃ ng showroom...
- Sá»• Ä‘á» thá»• cÆ°, khÃ´ng quy hoáº¡ch, lá»—i phong thuá»·, vuÃ´ng váº¯n ná»Ÿ háº­u.
LiÃªn há»‡ em Huy: 0977 371 - 263 Ä‘á»ƒ xem nhÃ ."
 28.9 tá»· , 140 m, ÄÆ°á»ng NghÄ©a TÃ¢n. PhÆ°á»ng NghÄ©a TÃ¢n. Quáº­n Cáº§u Giáº¥y. HÃ  Ná»™i,8607391,ÄÃ´ng,,Cáº§n bÃ¡n,10m,,NhÃ  máº·t tiá»n,Sá»• há»“ng/ Sá»• Ä‘á»,,10m,8,,14m,18,---,"CHÃNH CHá»¦ Cáº¦N BÃN TOÃ€ NHÃ€ PHá» NGHÄ¨A TÃ‚N: 140M, 8 Táº¦NG THANG MÃY, 18 CÄ‚N Há»˜ CHá»ˆ 28.9 Tá»¶
MÃ´ táº£: 
+ NhÃ  hÆ°á»›ng chÃ­nh ÄÃ´ng, Phá»¥ chÃ­nh Báº¯c; má»›i xÃ¢y vá»«a Ä‘Æ°a vÃ o sá»­ sá»¥ng 2019, 140m2 7 táº§ng thang mÃ¡y, lÃ´ gÃ³c Ã´ tÃ´ cháº¡y vÃ²ng quanh khÃ´ng pháº£i quay Ä‘áº§u khu HoÃ ng Quá»‘c Viá»‡t, TÃ´ Hiá»‡u, NghÄ©a TÃ¢n.
Táº§ng 1 thÃ´ng sÃ n lÃ m Gara Ã´ tÃ´, lá»… tÃ¢n, phÃ²ng báº£o vá»‡; Táº§ng 2 thÃ´ng sÃ n 105m lÃ m há»™i trÆ°á»ng vÃ  sÃ¢n chÆ¡i 35m; tá»« táº§ng 3 Ä‘áº¿n táº§ng 7 má»—i táº§ng 3 cÄƒn há»™ khÃ©p kÃ­n cho tÃ¢y thuÃª; táº§ng 8 Penhouse, tum.
+ Ná»™i tháº¥t vÃ  kiáº¿n trÃºc hiá»‡n Ä‘áº¡i, Ä‘áº§y Ä‘á»§ GPXD, PCCN Ä‘Ãºng Ä‘á»§ theo quy Ä‘á»‹nh cá»§a phÃ¡p luáº­t Viá»‡t Nam; giÃ¡ cho thuÃª 7,5 triá»‡u/1 cÄƒn há»™ náº¿u cho thuÃª cáº£ nhÃ  khoáº£ng 120 triá»‡u/1 thÃ¡ng, phÃ¡p lÃ½ sáº¡ch, nhÃ  khÃ´ng lá»—i phong thuá»·.
+ Vá»›i kinh nghiá»‡m nhiá»u nÄƒm, báº±ng sá»± uy tÃ­n vÃ  trÃ¡ch nhiá»‡m luÃ´n luÃ´n muá»‘n mang tá»›i cho khÃ¡ch hÃ ng nhá»¯ng sáº£n pháº©m Ä‘Ã£ Ä‘Æ°á»£c chá»n lá»c tá»‘t nháº¥t, Ä‘áº¹p nháº¥t Ä‘i cÃ¹ng sá»± an tÃ¢m vá» tÃ­nh phÃ¡p lÃ½ nÃªn quÃ½ khÃ¡ch hÃ£y tin tÆ°á»Ÿng vÃ  hoÃ n toÃ n yÃªn tÃ¢m khi sá»Ÿ há»¯u cÄƒn nhÃ .
 + Miá»…n phÃ­ cho khÃ¡ch mua tá»« khÃ¢u Ä‘i xem nhÃ  Ä‘áº¿n khi giao dá»‹ch thÃ nh cÃ´ng. 
+ Ai cÃ³ nhu cáº§u xin vui lÃ²ng liÃªn há»‡ Mr ThÃ nh, sinh nÄƒm 1972.
â€œTRUNG GIAN VÃ€ CÃC TRANG Web KHÃ”NG LÃ€M PHIá»€Nâ€.
â€œ THÃ€NH CÃ”NG Bá»I CHá»® TÃNâ€"
 5.5 tá»· , 42 m, 114C7 ÄÆ°á»ng PhÃºc Äá»“ng. PhÆ°á»ng PhÃºc Äá»“ng. Quáº­n Long BiÃªn. HÃ  Ná»™i,11958924,_,,Cáº§n bÃ¡n,10m,,NhÃ  máº·t tiá»n,---,,4m,1,,"10,5m",2,---,"Máº¢NH Äáº¤T VÃ€NG KHU PHÃ‚N LÃ” QÄ Cá»°C Äáº¸P, PHÃ‚N CHO CÃN Bá»˜ CAO Cáº¤P VÃ€ PHI CÃ”NG á» NGAY Cá»”NG SÃ‚N GOLF LONG BIÃŠN, RIÃŠNG DÃƒY C6 VÃ€ C7 Rá»˜NG VÃ€ Äáº¸P NHáº¤T KHU C.

+ HÆ°á»›ng: ÄÃ´ng Báº¯c.
+ NhÃ  cáº¥p 4 xÃ¡c Ä‘á»‹nh bÃ¡n Ä‘áº¥t, hiá»‡n Ä‘ang Ä‘á»ƒ khÃ´ng, sá»• á»Ÿ nhÃ  sáºµn sÃ ng giao dá»‹ch.
NhÃ  khu phÃ¢n lÃ´ QÄ, ngay gáº§n cá»•ng sÃ¢n golf Long BiÃªn, gáº§n nhÃ  vÃ  sÃ¢n VHTT cá»§a khu nÃªn ráº¥t Ä‘áº¹p. C6, C7 lÃ  2 dÃ£y quay máº·t vÃ o nhau lÃ²ng Ä‘Æ°á»ng rá»™ng nháº¥t khu (8m lÃ²ng Ä‘Æ°á»ng vÃ  vá»‰a hÃ¨ má»—i bÃªn hÆ¡n 1m). ThÃ­ch há»£p xÃ¢y tÃ²a nhÃ  5 táº§ng 1 tum thang mÃ¡y á»Ÿ miá»…n bÃ n hoáº·c mua giá»¯ tiá»n Ä‘á»u Ä‘Æ°á»£c.

Ai cÃ³ nhu cáº§u liÃªn há»‡: Mr ThÃ nh.
Cháº¥p nháº­n trung gian."
 6.5 tá»· , 42 m, Phá»‘ XÃ£ ÄÃ n. PhÆ°á»ng ThÃ´Ì‰ Quan. Quáº­n Äá»‘ng Äa. HÃ  Ná»™i,12309050,TÃ¢y Nam,,Cáº§n bÃ¡n,"2,5m",,NhÃ  trong háº»m,Sá»• há»“ng/ Sá»• Ä‘á»,,4m,5,---,11m,4,---,"CHÃNH CHá»¦ BÃN TOÃ€ NHÃ€ 5 Táº¦NG, THANG MÃY Táº I XÃƒ ÄÃ€N, Äá»NG ÄA: 42M, MT 4M CHá»ˆ Tá»ª 6.0 - 6.5 Tá»¶ TUá»² CÄ‚N.
+ NhÃ  hÆ°á»›ng: TÃ¢y Nam, má»›i tinh á»Ÿ táº¿t QuÃ½ MÃ£o 2023.
+ NhÃ  lÃ´ gÃ³c, cÃ¡ch phá»‘ khoáº£ng vÃ i chá»¥c mÃ©t, lÃ´ gÃ³c.
+ Thiáº¿t káº¿: Má»—i táº§ng 1 phÃ²ng ngá»§ vÃ  1wc, thang mÃ¡y vÃ  thang bá»™ cuá»‘i nhÃ  (nhÆ° áº£nh). 
â€¢	HIá»†N CÃ“ 3 TOÃ€ 5 Táº¦NG THANG MÃY:
1.	XÃ£ ÄÃ n, Trung Phá»¥ng: 42m, 5 táº§ng, máº·t tiá»n 4m, lÃ´ gÃ³c, thang mÃ¡y, giÃ¡ 6.5 tá»· (HÆ°á»›ng: TÃ¢y Nam);
2.	Kim Hoa, XÃ£ ÄÃ n: 42m, 5 táº§ng, máº·t tiá»n 4m, thang mÃ¡y,giÃ¡ 6.2 tá»· (HÆ°á»›ng ÄÃ´ng Nam);
3.	Kim NgÆ°u, Tráº§n KhÃ¡t ChÃ¢n: 41m, 5 táº§ng, máº·t tiá»n 4.2m, thang mÃ¡y, giÃ¡ 6.0 tá»· (HÆ°á»›ng ÄÃ´ng Nam).
+ Vá»›i kinh nghiá»‡m nhiá»u nÄƒm, báº±ng sá»± uy tÃ­n vÃ  trÃ¡ch nhiá»‡m luÃ´n luÃ´n muá»‘n mang tá»›i cho khÃ¡ch hÃ ng nhá»¯ng sáº£n pháº©m Ä‘Ã£ Ä‘Æ°á»£c chá»n lá»c tá»‘t nháº¥t, Ä‘áº¹p nháº¥t Ä‘i cÃ¹ng sá»± an tÃ¢m vá» tÃ­nh phÃ¡p lÃ½ nÃªn quÃ½ khÃ¡ch hÃ£y tin tÆ°á»Ÿng vÃ  hoÃ n toÃ n yÃªn tÃ¢m khi sá»Ÿ há»¯u cÄƒn nhÃ .
 + Miá»…n phÃ­ cho khÃ¡ch mua tá»« khÃ¢u Ä‘i xem nhÃ  Ä‘áº¿n khi giao dá»‹ch thÃ nh cÃ´ng. 
+ Ai cÃ³ nhu cáº§u xin vui lÃ²ng liÃªn há»‡ Mr ThÃ nh, sinh nÄƒm 1972.
â€œTRUNG GIAN VÃ€ CÃC TRANG Web KHÃ”NG LÃ€M PHIá»€Nâ€.
â€œ THÃ€NH CÃ”NG Bá»I CHá»® TÃNâ€"
 5.5 tá»· , 40 m, Phá»‘ Nguyá»…n Ngá»c VÅ©. PhÆ°á»ng Trung HÃ²a. Quáº­n Cáº§u Giáº¥y. HÃ  Ná»™i,12373782,_,,Cáº§n bÃ¡n,"2,5m",,NhÃ  trong háº»m,Sá»• há»“ng/ Sá»• Ä‘á»,,4m,4,---,---,4,---,"BÃ¡n nhÃ  Nguyá»…n Ngá»c VÅ© Cáº§u Giáº¥y 40m2 - 4t - máº·t tiá»n 4m. 5,5tá»·. LÃ´ GÃ³c, Ná»Ÿ Háº­u, NhÃ  á»Ÿ luÃ´n 
- Náº±m vá»‹ trÃ­ Ä‘áº¹p gáº§n phá»‘ , khu phÃ¢n lÃ´ quÃ¢n Ä‘á»™i, ngÃµ to 3 gÃ¡c trÃ¡nh xe mÃ¡y cháº¡y vÃ²ng quanh. 
- NhÃ  chá»§ tá»± tay thiáº¿t káº¿ tá»‰ má»‰ khung cá»™t cháº¯c cháº¯n, nhÃ  lÃ´ gÃ³c nÃªn cÃ¡c phÃ²ng Ä‘á»u thoÃ¡ng , thiáº¿t káº¿ 4 phÃ²ng ngá»§ 
- Xung quanh nhiá»u tiá»‡n Ã­ch gáº§n cÃ¡c trÆ°á»ng Ä‘áº¡i há»c, cÃ´ng viÃªn , bá»‡nh viá»‡n, cÆ¡ quan nhÃ  nÆ°á»›c. 
- Sá»• Ä‘á» ná»Ÿ háº­u giao dá»‹ch ngay 
- LiÃªn Há»‡ Phi HÃ¹ng Ä‘á»ƒ Ä‘Æ°á»£c tÆ° váº¥n xem nhÃ  mua nhÃ  miá»…n phÃ­."
 21.5 tá»· , 65 m, ÄÆ°á»ng Há»“ TÃ¹ng Máº­u. PhÆ°á»ng Mai Dá»‹ch. Quáº­n Cáº§u Giáº¥y. HÃ  Ná»™i,12373303,_,,Cáº§n bÃ¡n,20m,,NhÃ  máº·t tiá»n,Sá»• há»“ng/ Sá»• Ä‘á»,,"4,5m",5,,14m,4,---,"Máº¶T PHá» KD Sáº¦M Uáº¤T Táº¬P Náº¬P NHáº¤T Cáº¦U GIáº¤Y - HAI THOÃNG - Vá»ˆA HÃˆ 10M - KINH DOANH VÃ” Äá»ŠCH PHÃ™ Há»¢P Má»ŒI LOáº I HÃŒNH. 

+ Vá»‹ trÃ­ Ä‘áº¹p nháº¥t phá»‘, Ä‘oáº¡n vá»‰a hÃ¨ rá»™ng nháº¥t, hai thoÃ¡ng, ngÃµ sau Ã´ tÃ´ vÃ o táº­n nÆ¡i, káº¿t ná»‘i giao thÃ´ng tuyá»‡t vá»i, vÃ o ná»™i Ä‘Ã´ Ä‘i liÃªn tá»‰nh Ä‘á»u tiá»‡n, háº¡ táº§ng hiá»‡n Ä‘áº¡i Ä‘á»“ng bá»™. 
+ NhÃ  xÃ¢y 5 táº§ng khung cá»™t bÃª tÃ´ng cháº¯c cháº¯n lÃªn thÃªm táº§ng vÃ´ tÆ°: 
- T1,2: ThÃ´ng sÃ n, wc. 
- T3,4: Táº§ng hai phÃ²ng khÃ©p kÃ­n. 
- T5: PhÃ²ng thá», kho, sÃ¢n phÆ¡i. 
+ Hiá»‡n Ä‘ang cho thuÃª cáº£ nhÃ  60triá»‡u/thÃ¡ng.
+ Sá»• Ä‘á» Ä‘áº¹p, sáºµn sÃ ng giao dá»‹ch.

LiÃªn há»‡ tÆ° váº¥n em CÆ°Æ¡ng xem nhÃ  miá»…n phÃ­ 24/7 áº¡."
 4.45 tá»· , 56 m, ÄÆ°á»ng Mai Äá»™ng. PhÆ°á»ng Mai Äá»™ng. Quáº­n HoÃ ng Mai. HÃ  Ná»™i,12084223,_,,Cáº§n bÃ¡n,3m,,NhÃ  trong háº»m,Sá»• há»“ng/ Sá»• Ä‘á»,,---,4,,---,4,---,"CHá»¦ Cáº¦N TIá»€N BÃN Gáº¤P NHÃ€ MAI Äá»˜NG - DTSD 56M2, LÃ” GÃ“C 3 THOÃNG - 4 Táº¦NG - 4PN - TIá»†N ÃCH NGáº¬P TRÃ€N - GIÃ 4.45 Tá»¶

- NhÃ  dÃ¢n xÃ¢y cá»±c ká»³ Ä‘áº¹p vÃ  cháº¯c cháº¯n.
- NhÃ  náº±m cáº¡nh Times City, lÃ´ gÃ³c 3 thoÃ¡ng, máº·t ngÃµ 3 gÃ¡c trÃ¡nh. 
- Khu vá»±c trung tÃ¢m vÃ´ vÃ n tiá»‡n Ã­ch, giÃ¡p ranh hai quáº­n HoÃ ng Mai vÃ  Hai BÃ  TrÆ°ng, gáº§n cÃ¡c trÆ°á»ng cáº¥p 1, 2, 3. Gáº§n chá»£ Ä‘áº§u má»‘i phÃ­a Nam thá»a sá»©c mua hÃ ng giÃ¡ ráº». 
- HÃ ng xÃ³m Times City thá»«a hÆ°á»Ÿng luÃ´n cÃ¡c tiá»‡n Ã­ch Ä‘áº³ng cáº¥p.
- NhÃ  thiáº¿t káº¿ cá»±c ká»³ thoÃ¡ng, phÃ²ng nÃ o cÅ©ng cÃ³ cá»­a sá»•, Ä‘áº§y Ä‘á»§ cÃ´ng nÄƒng, khÃ¡ch chá»‰ viá»‡c sÃ¡ch vali vá» á»Ÿ.
Táº§ng 1: phÃ²ng ngoÃ i Ä‘á»ƒ 6 xe mÃ¡y + phÃ²ng khÃ¡ch
Táº§ng 2: báº¿p, phÃ²ng Äƒn, 1 phÃ²ng ngá»§ + WC.
Táº§ng 3: 2 phÃ²ng ngá»§ + WC.
Táº§ng 4: 1 phÃ²ng ngá»§, sÃ¢n phÆ¡i + phÃ²ng thá»
Sá»• Ä‘á» vuÃ´ng váº¯n, giao dá»‹ch phÃºt má»‘t"
 1.45 tá»· , 15 m, Phá»‘ Há»“ng Mai. PhÆ°á»ng BaÌ£ch Mai. Quáº­n Hai BÃ  TrÆ°ng. HÃ  Ná»™i,12371082,ÄÃ´ng Nam,,Cáº§n bÃ¡n,2m,,NhÃ  trong háº»m,Sá»• há»“ng/ Sá»• Ä‘á»,,3m,3,---,---,2,---,"BÃ¡n nhÃ  chÃ­nh chá»§ phá»‘ Báº¡ch Mai, Hai BÃ  TrÆ°ng, 1,45 tá»·.
NhÃ  Ä‘áº¥t bÃ¡n cÃ³ diá»‡n tÃ­ch: 15mÂ² x 3,5 táº§ng, ngÃµ thÃ´ng, khu an ninh tá»‘t, gáº§n chá»£, trÆ°á»ng tiá»‡n sinh hoáº¡t.
Sá»• Ä‘á» chÃ­nh chá»§. Giao nhÃ  ngay.
Ná»™i tháº¥t táº·ng kÃ¨m nhiá»u Ä‘á»“ cÆ¡ báº£n: GiÆ°á»ng, tá»§, báº¿p, Ä‘iá»u hÃ²a, nÃ³ng láº¡nh, tá»§ láº¡nh...
GiÃ¡ bÃ¡n: 1,45 tá»· (cÃ³ thá»a thuáº­n)"
 15.45 tá»· , 55 m, 40 Phá»‘ Táº¡ Quang Bá»­u. PhÆ°á»ng BaÌch Khoa. Quáº­n Hai BÃ  TrÆ°ng. HÃ  Ná»™i,12371061,Nam,,Cáº§n bÃ¡n,6m,,NhÃ  trong háº»m,---,,7m,6,,---,4,---,"BÃ¡n nhÃ  phÃ¢n lÃ´ phá»‘ Táº¡ Quang Bá»­u, phÆ°á»ng BÃ¡ch Khoa, HBT.

BÃ¡n nhÃ  khu phÃ¢n lÃ´ cÃ¡n bá»™ BÃ¡ch Khoa, máº·t ngÃµ 40 Táº¡ Quang Bá»­u. Khu vá»±c dÃ¢n trÃ­, gáº§n cÃ¡c trÆ°á»ng BÃ¡ch Khoa, XÃ¢y Dá»±ng. Vá»‹ trÃ­ ráº¥t Ä‘áº¹p,
- Diá»‡n tÃ­ch: 55mÂ² (XÃ¢y má»›i 6 táº§ng thang mÃ¡y). Máº·t tiá»n 8m. LÃ´ gÃ³c 2 ngÃµ.
- NgÃµ rá»™ng Ã´ tÃ´ Ä‘á»— cá»­a.
- Sá»• Ä‘á» chÃ­nh chá»§, thiá»‡n chÃ­ bÃ¡n.
GiÃ¡ bÃ¡n nhá»‰nh 15, xxx tá»· (thoáº£ thuáº­n)."
 5 tá»· , 48 m, 364 ÄÆ°á»ng Minh Khai. PhÆ°á»ng ViÌƒnh Tuy. Quáº­n Hai BÃ  TrÆ°ng. HÃ  Ná»™i,12371046,Nam,,Cáº§n bÃ¡n,2m,,NhÃ  trong háº»m,Sá»• há»“ng/ Sá»• Ä‘á»,,5m,5,---,---,3,---,"BÃ¡n nhÃ  lÃ´ gÃ³c 48mÂ² x 5 táº§ng: NgÃµ 364 Minh Khai, Hai BÃ  TrÆ°ng gáº§n Times City.
+ Äá»‹a chá»‰: NgÃµ 364 Minh Khai, phÆ°á»ng VÄ©nh Tuy, Hai BÃ  TrÆ°ng, HÃ  Ná»™i.
+ Diá»‡n tÃ­ch: 48mÂ², 5 táº§ng, 3 ngá»§, 4 WC, báº¿p, khÃ¡ch, phÃ²ng thá», sÃ¢n phÆ¡i.
LÃ´ gÃ³c 2 máº·t thoÃ¡ng, view nhÃ¬n khuÃ´n viÃªn chung cÆ° Green Pearl.
Máº·t tiá»n: 4.8m.
Cá»­a nhÃ : HÆ°á»›ng Nam.
Äáº§y Ä‘á»§ tá»§ báº¿p, sÃ n gá»—, nhÃ  má»›i xÃ¢y hoÃ n thiá»‡n Äáº¹p long lanh.
ÄÆ°á»ng vÃ o ngÃµ rá»™ng, cÃ³ sÃ¢n, cá»•ng Ä‘á»ƒ xe thoáº£i mÃ¡i.
GiÃ¡ 5 tá»·"
 2.75 tá»· , 27 m, Phá»‘ Chá»£ KhÃ¢m ThiÃªn. PhÆ°á»ng Trung PhuÌ£ng. Quáº­n Äá»‘ng Äa. HÃ  Ná»™i,12371032,ÄÃ´ng Nam,,Cáº§n bÃ¡n,2m,,NhÃ  trong háº»m,Sá»• há»“ng/ Sá»• Ä‘á»,,4m,4,---,---,3,---,"BÃ¡n nhÃ  ngÃµ chá»£ KhÃ¢m ThiÃªn, Äá»‘ng Äa, 24mÂ², 3 ngá»§, gáº§n phá»‘, sá»• Ä‘á» chÃ­nh chá»§ 
+ Cáº§n bÃ¡n nhÃ  á»Ÿ ngÃµ chá»£ KhÃ¢m ThiÃªn, trung tÃ¢m Äá»‘ng Äa, 4 táº§ng, 3 ngá»§, 24mÂ², nhÃ  cÃ²n má»›i á»Ÿ sÆ°á»›ng.
+ Vá»‹ trÃ­ Ä‘áº¹p giÃ¡p phá»‘ 1 bÆ°á»›c ra chá»£, mua sáº¯m khÃ´ng thiáº¿u thá»© gÃ¬, Khu vá»±c trung tÃ¢m giÃ¡ cáº£ tÄƒng cao tá»«ng giá» tá»«ng ngÃ y.
+ T1 Ä‘á»ƒ xe + phÃ²ng khÃ¡ch, báº¿p. 1 vs
+ T2 : 2 phÃ²ng , 2 vs
+ T3 : 1 phÃ²ng ,  1 vs
+ T4 phÃ²ng thá» + sÃ¢n phÆ¡i.
Chá»§ nhÃ  chuyá»ƒn nhÃ  to hÆ¡n nÃªn bÃ¡n nhanh 
giÃ¡ 2,Xx tá»· thÆ°Æ¡ng lÆ°á»£ng."
 2.45 tá»· , 70 m, 19 Phá»‘ HoÃ ng Ngá»c PhÃ¡ch. PhÆ°á»ng LaÌng HaÌ£. Quáº­n Äá»‘ng Äa. HÃ  Ná»™i,12370995,TÃ¢y Báº¯c,,Cáº§n bÃ¡n,8m,,CÄƒn há»™ chung cÆ°,Sá»• há»“ng/ Sá»• Ä‘á»,---,---,2,,---,2,---,"BÃ¡n nhÃ  Táº§ng 2 táº­p thá»ƒ C9 HoÃ ng Ngá»c PhÃ¡ch, Nam ThÃ nh CÃ´ng, Äá»‘ng Äa - HÃ  Ná»™i
+ Sá»• Ä‘á»: 48.8m2
+ DT thá»±c táº¿: 70m2
+ 2 PN riÃªng biá»‡t, báº¿p, khÃ¡ch, VS
SIÃŠU HIáº¾M KHU NAM THÃ€NH CÃ”NG- NHÃ€ Äáº¸P á» LUÃ”N
- khu vá»±c trung tÃ¢m, Ä‘áº§y Ä‘á»§ tiá»‡n Ã­ch, phÃ¢n khÃºc siÃªu hiáº¿m, táº§ng 2 diá»‡n tÃ­ch sá»• to
- NhÃ  phÃ²ng nÃ o cÅ©ng trÃ n ngáº­p Ã¡nh sÃ¡ng, khÃ´ng khÃ­ trong lÃ nh, an sinh tuyá»‡t vá»i
- cÄƒn há»™ Ä‘Ã£ sá»­a Ä‘áº¹p long lanh sáºµn á»Ÿ
- Diá»‡n tÃ­ch sá»• 48.8m thá»±c 70m thiáº¿t káº¿ 2 phÃ²ng ngá»§ riÃªng biá»‡t, phÃ²ng khÃ¡ch, báº¿p vÃ  vá»‡ sinh
GiÃ¡ bÃ¡n : 2.45 tá»·"
 500 triá»‡u /Â m, 210 m, ÄÆ°á»ng VÃµ ChÃ­ CÃ´ng. PhÆ°á»ng NghÄ©a ÄÃ´. Quáº­n Cáº§u Giáº¥y. HÃ  Ná»™i,12352783,_,---,Cáº§n bÃ¡n,50m,---,NhÃ  máº·t tiá»n,Sá»• há»“ng/ Sá»• Ä‘á»,---,10m,---,---,21m,---,---,"Máº¢NH Äáº¤T VÃ€NG MP VÃ• CHÃ CÃ”NG - VUÃ”NG Váº®N Ná» Háº¬U 10CM- Sáº´N GPXD 9 Táº¦NG - TÆ¯Æ NG LAI Gáº¦N RA LÃ” GÃ“C 2 Máº¶T PHá». 
- Diá»‡n tÃ­ch 202m vuÃ´ng váº¯n , máº·t tiá»n 10m , ná»Ÿ háº­u 10 cm siÃªu Ä‘áº¹p, vá»‹ trÃ­ quÃ¡ Ä‘áº¹p náº±m táº¡i máº·t Ä‘Æ°á»ng lá»›n tÆ°Æ¡ng lai ra lÃ´ gÃ³c 2 máº·t phá»‘ káº¿t ná»‘i vá»›i khu Starlake cao cáº¥p , khi Ä‘Ã³ máº·t tiá»n lÃªn tá»›i 30m
- Máº£nh Ä‘áº¥t phÃ¹ há»£p xÃ¢y biá»‡t thá»±,  toÃ  vp, showroom ,  khÃ¡ch sáº¡n, ..... HÃ ng xÃ³m bÃªn cáº¡nh vá»«a xÃ¢y toÃ  vp 10 táº§ng kinh doanh sáº§m uáº¥t.
- PhÃ¡p lÃ½ 2 sá»• Ä‘á» vuÃ´ng váº¯n sáºµn sÃ ng lÃªn Ä‘Æ°á»ng vÃ  Ä‘áº·c biá»‡t chá»§ Ä‘áº¥t Ä‘Ã£ xin sáºµn GPXD 9 táº§ng + 1 háº§m."
 3.05 tá»· , 35 m, ÄÆ°á»ng Cá»• Linh. PhÆ°á»ng Long BiÃªn. Quáº­n Long BiÃªn. HÃ  Ná»™i,12365226,_,,Cáº§n bÃ¡n,3m,,NhÃ  trong háº»m,Sá»• há»“ng/ Sá»• Ä‘á»,,"3,7m",5,---,9m,3,---,"+ BÃ¡n nhÃ   LÃ” GÃ“C - DT 35M x  5 táº§ng Ä‘á»‘i diá»‡n Aeon Long BiÃªn 3,05 tá»·. Ä‘á»‘i diá»‡n aeon long biÃªn.
+ Máº·t tiá»n 3,7 mÃ©t vuÃ´ng váº¯n.
+ CÄƒn nhÃ  2 máº·t thoÃ¡ng, phÃ­a trÆ°á»›c lÃ  ngÃµ 3 mÃ©t sau nhÃ  cÃ³ Ä‘áº¥t lÆ°u khÃ´ng má»Ÿ Ä‘Æ°á»ng 13 mÃ©t.
+ GÃ­a bÃ¡n 3,05 tá»· bao sang tÃªn.
+ Há»• trá»£ ngÃ¢n hÃ ng vay 70%.
+ NhÃ  XÃ¢y KCBT cháº¯c cháº¯n thoÃ¡ng trÆ°á»›c phÃ­a sau nhÃ  cÃ³ khe thoÃ¡ng sau má»Ÿ Ä‘Æ°á»ng 13 mÃ©t.
+ Sá»• sÃ¡ch phÃ¡p lÃ½ rÃµ rÃ ng, cÃ¡ch aeon long biÃªn cÃ¡ch trÆ°á»ng tiá»ƒu há»c Ä‘oÃ n 200 mÃ©t."
 41 tá»· , 320 m, ÄÆ°á»ng Giáº£i PhÃ³ng. PhÆ°á»ng Thá»‹nh Liá»‡t. Quáº­n HoÃ ng Mai. HÃ  Ná»™i,12365298,_,,Cáº§n bÃ¡n,50m,,NhÃ  máº·t tiá»n,Sá»• há»“ng/ Sá»• Ä‘á»,,10m,9,,30m,50,---,"ChÃ­nh chá»§ GIáº¢M CHÃ€O 5 tá»· LÃ” GÃ“C máº·t phá»‘ Giáº£i PhÃ³ng, HoÃ ng Mai:
+ Trá»¥c hÆ°á»›ng tÃ¢m Ä‘á»™c nháº¥t ba phÃºt ra Ä‘áº¡i há»c Kinh táº¿, XÃ¢y dá»±ng, BÃ¡ch khoa,... Viá»‡n Báº¡ch Mai, LÃ£o Khoa,... Ba bÆ°á»›c ra há»“ Linh ÄÃ m Ä‘á»™c hiáº¿m, lÃ´ gÃ³c 2 máº·t tiá»n, ba máº·t thoÃ¡ng, vá»‰a hÃ¨ Ã´ tÃ´ dá»«ng Ä‘á»—, kinh doanh má»i loáº¡i hÃ¬nh: VÄƒn phÃ²ng, Showroom, Tháº©m má»¹ viá»‡n, SPa...
+ Diá»‡n tÃ­ch 3220mÂ², máº·t tiá»n 10m, 2 máº·t tiá»n, 3 máº·t thoÃ¡ng phÃ¹ há»£p tÃ²a nhÃ  1 háº§m 9 ná»•i dÃ²ng tiá»n 8tá»·/nÄƒm.
+ Sá»• Ä‘á» vuÃ´ng Ä‘áº¹p, phÃ¡p lÃ½ sáº¡ch, giao dá»‹ch ngay. Máº·t phá»‘ - vá»‰a hÃ¨ - lÃ´ gÃ³c giÃ¡ 130tr/mÂ² cÃ³ thÆ°Æ¡ng lÆ°á»£ng.
LiÃªn há»‡ tÃ´i ThiÃªm lÃ m viá»‡c chÃ­nh chá»§, miá»…n trung gian, mÃ´i giá»›i."
 4 tá»· , 37 m, sá»‘ 18 ngÃµ 345/69 ÄÆ°á»ng KhÆ°Æ¡ng Trung. PhÆ°á»ng KhÆ°Æ¡ng ÄÃ¬nh. Quáº­n Thanh XuÃ¢n. HÃ  Ná»™i,12355166,_,,Cáº§n bÃ¡n,3m,,NhÃ  trong háº»m,Sá»• há»“ng/ Sá»• Ä‘á»,,4m,5,---,"9,3m",3,---,"ChÃ­nh chá»§ bÃ¡n nhÃ  sá»‘ 18 ngÃµ 345/69 phá»‘ KhÆ°Æ¡ng Trung - Thanh XuÃ¢n, ngÃµ thÃ´ng cÃ¡ch Ã´ tÃ´ chá»‰ 50m, gáº§n chá»£, trÆ°á»ng tiá»ƒu há»c, trung há»c KhÆ°Æ¡ng ÄÃ¬nh gáº§n nhÃ , chá»‰ cÃ¡ch NgÃ£ TÆ° Sá»Ÿ chÆ°a Ä‘áº§y 1Km, khu vá»±c quÃ¡ trung tÃ¢m giao thÃ´ng di chuyá»ƒn ráº¥t thuáº­n lá»£i.
* ThÃ´ng sá»‘ chi tiáº¿t * 
- Diá»‡n tÃ­ch sá»• Ä‘á»: 37mÂ² * 5 táº§ng xÃ¢y má»›i (phÃ¡p lÃ½ sá»• Ä‘á», giáº¥y phÃ©p xÃ¢y dá»±ng Ä‘áº§y Ä‘á»§).
- MT: 4m (sá»• vuÃ´ng).
- Táº§ng 1: KhÃ¡ch + báº¿p + Ä‘á»ƒ xe.
- Táº§ng 2 + 3 + 4: Thiáº¿t káº¿ má»—i táº§ng 01 phÃ²ng ngá»§ to vÃ  WC khÃ©p kÃ­n (03 phÃ²ng ngá»§).
- Táº§ng 5: PhÃ²ng thá» + sÃ¢n chÆ¡i...
- NgÃµ trÆ°á»›c nhÃ  xe ba gÃ¡c trÃ¡nh xe mÃ¡y, ngÃµ thÃ´ng chá»‰ cÃ¡ch Ã´ tÃ´ 50m.
- NhÃ  xÃ¢y má»›i, máº·t tiá»n rá»™ng, thiáº¿t káº¿ theo phong cÃ¡ch hiá»‡n Ä‘áº¡i vÃ´ cÃ¹ng Ä‘áº¹p vÃ  há»£p lÃ½ vá» cÃ´ng nÄƒng sá»­ dá»¥ng.
- Vá»‹ trÃ­ nhÃ  náº±m gáº§n NgÃ£ TÆ° Sá»Ÿ, gáº§n trung tÃ¢m thÆ°Æ¡ng máº¡i Royal City, bÃ¡n kÃ­nh chÆ°a Ä‘áº§y 2km lÃ  cÃ¡c trÆ°á»ng Ä‘áº¡i há»c lá»›n vÃ  bá»‡nh viá»‡n, trÆ°á»ng tiá»ƒu há»c vÃ  trung há»c cÆ¡ sá»Ÿ KhÆ°Æ¡ng ÄÃ¬nh náº±m sÃ¡t nhÃ  vÃ´ cÃ¹ng thuáº­n tiá»‡n Ä‘Æ°a Ä‘Ã³n con Ä‘i há»c, Ä‘á»‹a Ä‘iá»ƒm gá»­i Ã´ tÃ´ gáº§n nhÃ ...
- NgÃµ 345 KhÆ°Æ¡ng Trung lÃ  ngÃµ chá»£ sáº§m uáº¥t, cÃ³ quy hoáº¡ch thÃ nh trung tÃ¢m thÆ°Æ¡ng máº¡i vÃ  khu vui chÆ¡i, bÃ£i Ä‘á»— xe Ã´ tÃ´ nÃªn tÆ°Æ¡ng lai ráº¥t thuáº­n tiá»‡n vÃ  sáº§m uáº¥t...
- Sá»• Ä‘á»: Cáº¥t kÃ©t, hÃ¬nh áº£nh chuáº©n nhÃ  tÃ´i.
- GiÃ¡ bÃ¡n: 4,3 tá»· (thÆ°Æ¡ng lÆ°á»£ng)."
 9 tá»· , 60 m, ÄÆ°á»ng HoÃ ng Liá»‡t. PhÆ°á»ng HoÃ ng Liá»‡t. Quáº­n HoÃ ng Mai. HÃ  Ná»™i,12352127,_,---,Cáº§n bÃ¡n,20m,---,"Biá»‡t thá»±, nhÃ  liá»n ká»",---,---,5m,5,---,12m,5,---,"NhÃ  Ä‘áº¹p, PhÃ¢n LÃ´ KÄT TÃ¢y Nam Há»“ Linh ÄÃ m, Q. HoÃ ng Mai, 60m, 4 táº§ng, Mt 5 m, GiÃ¡ nhá»‰nh 9 tá»·. 

ğŸŒ·ğŸŒ·GIÃ Há»¢P LÃ - Vá»ˆA HÃˆ - Ã” TÃ” TRÃNH - TIá»†N ÃCH KÄTM TÃ‚Y NAM Há»’ LINH ÄÃ€M - SÃT TRÆ¯á»œNG Há»ŒC - KHU Vá»°C PHÃT TRIá»‚N Tá»ªNG NGÃ€Y.ğŸŒ·ğŸŒ·

+ Náº±m vá»‹ trÃ­ Ä‘áº¹p, thuá»™c KÄT má»›i TÃ¢y Nam Há»“ Linh ÄÃ m, nhÃ  xÃ¢y má»›i Ä‘c 1 nÄƒm. VÃ i bÆ°á»›c chÃ¢n ra há»“ Linh ÄÃ m lá»™ng giÃ³.

+ NhÃ  hiá»‡n tráº¡ng 4 táº§ng, khÃ¡ch mua vá» chá»‰ viá»‡c á»Ÿ, chá»§ thiáº¿t káº¿ thÃ´ng sÃ n, khÃ¡ch mua vá» ngÄƒn phÃ²ng tuá»³ Ã½ theo má»¥c Ä‘Ã­ch sá»­ dá»¥ng. 

+ Sá»• Ä‘á» chÃ­nh chá»§, chá»§ cáº¥t kÃ©t, sáºµn sÃ ng giao dá»‹ch."
 9 tá»· , 60 m, ÄÆ°á»ng HoÃ ng Liá»‡t. PhÆ°á»ng HoÃ ng Liá»‡t. Quáº­n HoÃ ng Mai. HÃ  Ná»™i,12352094,_,---,Cáº§n bÃ¡n,20m,---,"Biá»‡t thá»±, nhÃ  liá»n ká»",---,---,5m,5,---,12m,5,---,"ğŸŒŸğŸŒŸğŸŒŸRáº» nháº¥t KÄT Linh ÄÃ mğŸŒŸğŸŒŸğŸŒŸ

NhÃ  Ä‘áº¹p, PhÃ¢n LÃ´ KÄT TÃ¢y Nam Há»“ Linh ÄÃ m, Q. HoÃ ng Mai, 60m, 4 táº§ng, Mt 5 m, GiÃ¡ nhá»‰nh 9 tá»·. 

ğŸŒ·ğŸŒ·GIÃ Há»¢P LÃ - Vá»ˆA HÃˆ - Ã” TÃ” TRÃNH - TIá»†N ÃCH KÄTM TÃ‚Y NAM Há»’ LINH ÄÃ€M - SÃT TRÆ¯á»œNG Há»ŒC - KHU Vá»°C PHÃT TRIá»‚N Tá»ªNG NGÃ€Y.ğŸŒ·ğŸŒ·

+ Náº±m vá»‹ trÃ­ Ä‘áº¹p, thuá»™c KÄT má»›i TÃ¢y Nam Há»“ Linh ÄÃ m, nhÃ  xÃ¢y má»›i Ä‘c 1 nÄƒm. VÃ i bÆ°á»›c chÃ¢n ra há»“ Linh ÄÃ m lá»™ng giÃ³.

+ NhÃ  hiá»‡n tráº¡ng 4 táº§ng, khÃ¡ch mua vá» chá»‰ viá»‡c á»Ÿ, chá»§ thiáº¿t káº¿ thÃ´ng sÃ n, khÃ¡ch mua vá» ngÄƒn phÃ²ng tuá»³ Ã½ theo má»¥c Ä‘Ã­ch sá»­ dá»¥ng. 

+ Sá»• Ä‘á» chÃ­nh chá»§, chá»§ cáº¥t kÃ©t, sáºµn sÃ ng giao dá»‹ch."
 9 tá»· , 60 m, ÄÆ°á»ng HoÃ ng Liá»‡t. PhÆ°á»ng HoÃ ng Liá»‡t. Quáº­n HoÃ ng Mai. HÃ  Ná»™i,12351362,_,---,Cáº§n bÃ¡n,20m,---,"Biá»‡t thá»±, nhÃ  liá»n ká»",---,---,5m,5,---,12m,5,---,"NhÃ  Ä‘áº¹p, PhÃ¢n LÃ´ KÄT TÃ¢y Nam Há»“ Linh ÄÃ m, Q. HoÃ ng Mai, 60m, 4 táº§ng, Mt 5 m, GiÃ¡ nhá»‰nh 9 tá»·. 

ğŸŒ·ğŸŒ·GIÃ Há»¢P LÃ - Vá»ˆA HÃˆ - Ã” TÃ” TRÃNH - TIá»†N ÃCH KÄTM TÃ‚Y NAM Há»’ LINH ÄÃ€M - SÃT TRÆ¯á»œNG Há»ŒC - KHU Vá»°C PHÃT TRIá»‚N Tá»ªNG NGÃ€Y.ğŸŒ·ğŸŒ·

+ Náº±m vá»‹ trÃ­ Ä‘áº¹p, thuá»™c KÄT má»›i TÃ¢y Nam Há»“ Linh ÄÃ m, nhÃ  xÃ¢y má»›i Ä‘c 1 nÄƒm. VÃ i bÆ°á»›c chÃ¢n ra há»“ Linh ÄÃ m lá»™ng giÃ³.

+ NhÃ  hiá»‡n tráº¡ng 4 táº§ng, khÃ¡ch mua vá» chá»‰ viá»‡c á»Ÿ, chá»§ thiáº¿t káº¿ thÃ´ng sÃ n, khÃ¡ch mua vá» ngÄƒn phÃ²ng tuá»³ Ã½ theo má»¥c Ä‘Ã­ch"
 9 tá»· , 60 m, ÄÆ°á»ng HoÃ ng Liá»‡t. PhÆ°á»ng HoÃ ng Liá»‡t. Quáº­n HoÃ ng Mai. HÃ  Ná»™i,12351324,_,---,Cáº§n bÃ¡n,20m,---,"Biá»‡t thá»±, nhÃ  liá»n ká»",---,---,5m,5,---,12m,5,---,"ğŸŒŸğŸŒŸğŸŒŸRáº» nháº¥t KÄT Linh ÄÃ mğŸŒŸğŸŒŸğŸŒŸ

NhÃ  Ä‘áº¹p, PhÃ¢n LÃ´ KÄT TÃ¢y Nam Há»“ Linh ÄÃ m, Q. HoÃ ng Mai, 60m, 4 táº§ng, Mt 5 m, GiÃ¡ nhá»‰nh 9 tá»·. 

ğŸŒ·ğŸŒ·GIÃ Há»¢P LÃ - Vá»ˆA HÃˆ - Ã” TÃ” TRÃNH - TIá»†N ÃCH KÄTM TÃ‚Y NAM Há»’ LINH ÄÃ€M - SÃT TRÆ¯á»œNG Há»ŒC - KHU Vá»°C PHÃT TRIá»‚N Tá»ªNG NGÃ€Y.ğŸŒ·ğŸŒ·

+ Náº±m vá»‹ trÃ­ Ä‘áº¹p, thuá»™c KÄT má»›i TÃ¢y Nam Há»“ Linh ÄÃ m, nhÃ  xÃ¢y má»›i Ä‘c 1 nÄƒm. VÃ i bÆ°á»›c chÃ¢n ra há»“ Linh ÄÃ m lá»™ng giÃ³.

+ NhÃ  hiá»‡n tráº¡ng 4 táº§ng, khÃ¡ch mua vá» chá»‰ viá»‡c á»Ÿ, chá»§ thiáº¿t káº¿ thÃ´ng sÃ n, khÃ¡ch mua vá» ngÄƒn phÃ²ng tuá»³ Ã½ theo má»¥c Ä‘Ã­ch sá»­ dá»¥ng. 

+ Sá»• Ä‘á» chÃ­nh chá»§, chá»§ cáº¥t kÃ©t, sáºµn sÃ ng giao dá»‹ch."
